{
  "alpha_mean": {
    "last": 0.28355997800827026,
    "mean": 0.275895681232214,
    "std": 0.005811431243886774,
    "min": 0.2675076425075531,
    "max": 0.28355997800827026,
    "count": 8
  },
  "conf_mean": {
    "last": 0.5873349905014038,
    "mean": 0.4226892441511154,
    "std": 0.19101222941324703,
    "min": 0.0,
    "max": 0.5873349905014038,
    "count": 8
  },
  "act_prob_mean": {
    "last": 0.48550689220428467,
    "mean": 0.48114970326423645,
    "std": 0.024900267950760512,
    "min": 0.4456602931022644,
    "max": 0.5289691090583801,
    "count": 8
  },
  "act_open_rate": {
    "last": 0.25,
    "mean": 0.21484375,
    "std": 0.06123154787654109,
    "min": 0.15625,
    "max": 0.34375,
    "count": 8
  },
  "energy_pre_gate": {
    "last": 31.775890350341797,
    "mean": 31.887593984603882,
    "std": 0.07626442312468018,
    "min": 31.775890350341797,
    "max": 31.999897003173828,
    "count": 8
  },
  "energy_post_gate": {
    "last": 24.959083557128906,
    "mean": 24.95090627670288,
    "std": 0.21746519978250253,
    "min": 24.543493270874023,
    "max": 25.29094696044922,
    "count": 8
  },
  "loss": {
    "last": 4.256693363189697,
    "mean": 4.320503532886505,
    "std": 0.08323420278427697,
    "min": 4.221744060516357,
    "max": 4.479056358337402,
    "count": 8
  },
  "ce": {
    "last": 4.251838207244873,
    "mean": 4.315692067146301,
    "std": 0.08329498876497661,
    "min": 4.216992378234863,
    "max": 4.474329948425293,
    "count": 8
  },
  "ponder": {
    "last": 0.48550689220428467,
    "mean": 0.48114970326423645,
    "std": 0.024900267950760512,
    "min": 0.4456602931022644,
    "max": 0.5289691090583801,
    "count": 8
  }
}