{
  "alpha_mean": {
    "last": 0.5122292041778564,
    "mean": 0.5245440229773521,
    "std": 0.006671050856804923,
    "min": 0.5122292041778564,
    "max": 0.5318186283111572,
    "count": 8
  },
  "conf_mean": {
    "last": 0.531112551689148,
    "mean": 0.3325620451942086,
    "std": 0.18778368370166623,
    "min": 0.0,
    "max": 0.531112551689148,
    "count": 8
  },
  "act_prob_mean": {
    "last": 0.5169842839241028,
    "mean": 0.5170267224311829,
    "std": 0.02888971167524141,
    "min": 0.4801832139492035,
    "max": 0.5784311294555664,
    "count": 8
  },
  "act_open_rate": {
    "last": 0.5625,
    "mean": 0.55078125,
    "std": 0.08985588039227832,
    "min": 0.4375,
    "max": 0.71875,
    "count": 8
  },
  "energy_pre_gate": {
    "last": 31.815202713012695,
    "mean": 31.906357288360596,
    "std": 0.06654308028299245,
    "min": 31.815202713012695,
    "max": 31.999902725219727,
    "count": 8
  },
  "energy_post_gate": {
    "last": 31.815204620361328,
    "mean": 31.906357526779175,
    "std": 0.06654270702866087,
    "min": 31.815204620361328,
    "max": 31.999902725219727,
    "count": 8
  },
  "loss": {
    "last": 4.2784318923950195,
    "mean": 4.310598134994507,
    "std": 0.06521083612397735,
    "min": 4.2458367347717285,
    "max": 4.444553375244141,
    "count": 8
  },
  "ce": {
    "last": 4.273262023925781,
    "mean": 4.305427849292755,
    "std": 0.06538490950196564,
    "min": 4.240052223205566,
    "max": 4.439512252807617,
    "count": 8
  },
  "ponder": {
    "last": 0.5169842839241028,
    "mean": 0.5170267224311829,
    "std": 0.02888971167524141,
    "min": 0.4801832139492035,
    "max": 0.5784311294555664,
    "count": 8
  }
}