{
  "params": {
    "heads_per_band": 3,
    "chunk_size": 36
  },
  "metrics": {
    "prefill_tok_s": 114.28776958814153,
    "decode_tok_s": 24.759563621300277,
    "prefill_s": 0.05249905586242676,
    "decode_s": 5.129331111907959
  }
}