{
  "params": {
    "heads_per_band": 3,
    "chunk_size": 36
  },
  "metrics": {
    "prefill_tok_s": 111.2247537136316,
    "decode_tok_s": 25.152780486690475,
    "prefill_s": 0.05394482612609863,
    "decode_s": 2.5046932697296143
  }
}