{
  "alpha_mean": {
    "last": 0.5231907367706299,
    "mean": 0.5167161107063294,
    "std": 0.006061744327024203,
    "min": 0.5072808861732483,
    "max": 0.5231907367706299,
    "count": 5
  },
  "conf_mean": {
    "last": 0.4016612768173218,
    "mean": 0.2315618246793747,
    "std": 0.16508246448637995,
    "min": 0.0,
    "max": 0.4016612768173218,
    "count": 5
  },
  "act_prob_mean": {
    "last": 0.49663984775543213,
    "mean": 0.5249575614929199,
    "std": 0.026726749248038452,
    "min": 0.49663984775543213,
    "max": 0.564205527305603,
    "count": 5
  },
  "act_open_rate": {
    "last": 0.46875,
    "mean": 0.575,
    "std": 0.09270248108869579,
    "min": 0.46875,
    "max": 0.6875,
    "count": 5
  },
  "energy_pre_gate": {
    "last": 31.858163833618164,
    "mean": 31.92658576965332,
    "std": 0.05506171884376249,
    "min": 31.858163833618164,
    "max": 31.999900817871094,
    "count": 5
  },
  "energy_post_gate": {
    "last": 31.858163833618164,
    "mean": 31.92658576965332,
    "std": 0.05506171884376249,
    "min": 31.858163833618164,
    "max": 31.999900817871094,
    "count": 5
  },
  "loss": {
    "last": 4.333527088165283,
    "mean": 4.329189777374268,
    "std": 0.04792071615203378,
    "min": 4.2540202140808105,
    "max": 4.37956428527832,
    "count": 5
  },
  "ce": {
    "last": 4.328560829162598,
    "mean": 4.323940181732178,
    "std": 0.047793962755541465,
    "min": 4.24884557723999,
    "max": 4.374181270599365,
    "count": 5
  },
  "ponder": {
    "last": 0.49663984775543213,
    "mean": 0.5249575614929199,
    "std": 0.026726749248038452,
    "min": 0.49663984775543213,
    "max": 0.564205527305603,
    "count": 5
  }
}