{
  "device": "mps",
  "cfg": {
    "seq_len": 9,
    "hidden": 32,
    "env": 5,
    "epochs": 2,
    "batches_per_epoch": 40,
    "batch_size": 32,
    "lr": 0.001
  },
  "results": {
    "sLSTM": {
      "loss_mean": 0.5531069692224264,
      "loss_last": 0.49124082922935486,
      "acc": 0.8203125
    },
    "CfC": {
      "loss_mean": 0.6837807647883892,
      "loss_last": 0.6602054238319397,
      "acc": 0.7786458134651184
    },
    "CfC_lecun_tanh": {
      "loss_mean": 0.6663362450897694,
      "loss_last": 0.6338085532188416,
      "acc": 0.8177083134651184
    },
    "Reversible": {
      "loss_mean": 0.5343080136924983,
      "loss_last": 0.49698522686958313,
      "acc": 0.811631977558136
    },
    "CfC_true": {
      "loss_mean": 0.497781141102314,
      "loss_last": 0.3434440791606903,
      "acc": 0.7977430820465088
    }
  }
}