{
  "alpha_mean": {
    "last": 0.36671802401542664,
    "mean": 0.36043526232242584,
    "std": 0.006600303591429489,
    "min": 0.3507029712200165,
    "max": 0.3707873821258545,
    "count": 8
  },
  "conf_mean": {
    "last": 0.5180814266204834,
    "mean": 0.36510851234197617,
    "std": 0.18215774065024315,
    "min": 0.0,
    "max": 0.5206389427185059,
    "count": 8
  },
  "act_prob_mean": {
    "last": 0.516261875629425,
    "mean": 0.508682694286108,
    "std": 0.028903232591486472,
    "min": 0.47305959463119507,
    "max": 0.5598891377449036,
    "count": 8
  },
  "act_open_rate": {
    "last": 0.34375,
    "mean": 0.39453125,
    "std": 0.09290917584047952,
    "min": 0.3125,
    "max": 0.59375,
    "count": 8
  },
  "energy_pre_gate": {
    "last": 31.78583526611328,
    "mean": 31.89505696296692,
    "std": 0.07484458009031186,
    "min": 31.78583526611328,
    "max": 31.9998836517334,
    "count": 8
  },
  "energy_post_gate": {
    "last": 27.05796241760254,
    "mean": 26.807775259017944,
    "std": 0.27847892374821176,
    "min": 26.447509765625,
    "max": 27.139665603637695,
    "count": 8
  },
  "loss": {
    "last": 4.491849422454834,
    "mean": 4.326838552951813,
    "std": 0.12367080801375267,
    "min": 4.0934343338012695,
    "max": 4.491849422454834,
    "count": 8
  },
  "ce": {
    "last": 4.486686706542969,
    "mean": 4.321751654148102,
    "std": 0.12377307877905655,
    "min": 4.088288307189941,
    "max": 4.486686706542969,
    "count": 8
  },
  "ponder": {
    "last": 0.516261875629425,
    "mean": 0.508682694286108,
    "std": 0.028903232591486472,
    "min": 0.47305959463119507,
    "max": 0.5598891377449036,
    "count": 8
  }
}